<?xml version="1.0" encoding="UTF-8" standalone="yes"?>
<?mso-application progid="Word.Document"?>
<w:wordDocument xmlns:w="http://schemas.microsoft.com/office/word/2003/wordml" xmlns:v="urn:schemas-microsoft-com:vml" xmlns:w10="urn:schemas-microsoft-com:office:word" xmlns:sl="http://schemas.microsoft.com/schemaLibrary/2003/core" xmlns:aml="http://schemas.microsoft.com/aml/2001/core" xmlns:wx="http://schemas.microsoft.com/office/word/2003/auxHint" xmlns:o="urn:schemas-microsoft-com:office:office" xmlns:dt="uuid:C2F41010-65B3-11d1-A29F-00AA00C14882" xmlns:wsp="http://schemas.microsoft.com/office/word/2003/wordml/sp2" xmlns:ns0="http://schemas.openxmlformats.org/markup-compatibility/2006" w:macrosPresent="no" w:embeddedObjPresent="no" w:ocxPresent="no" xml:space="preserve"><w:ignoreElements w:val="http://schemas.microsoft.com/office/word/2003/wordml/sp2"/><o:DocumentProperties><o:Title>0401060</o:Title><o:Author>Компания "Референт"</o:Author><o:LastAuthor>VladD2</o:LastAuthor><o:Revision>59</o:Revision><o:TotalTime>54</o:TotalTime><o:Created>2008-04-29T14:19:00Z</o:Created><o:LastSaved>2010-06-11T16:53:00Z</o:LastSaved><o:Pages>1</o:Pages><o:Words>157</o:Words><o:Characters>898</o:Characters><o:Company>Компания "Референт"</o:Company><o:Lines>7</o:Lines><o:Paragraphs>2</o:Paragraphs><o:CharactersWithSpaces>1053</o:CharactersWithSpaces><o:Version>11.0000</o:Version></o:DocumentProperties><w:fonts><w:defaultFonts w:ascii="Times New Roman" w:fareast="Times New Roman" w:h-ansi="Times New Roman" w:cs="Times New Roman"/></w:fonts><w:styles><w:versionOfBuiltInStylenames w:val="4"/><w:latentStyles w:defLockedState="off" w:latentStyleCount="156"/><w:style w:type="paragraph" w:default="on" w:styleId="a"><w:name w:val="Normal"/><wx:uiName wx:val="Обычный"/><w:rsid w:val="007D1341"/><w:pPr><w:autoSpaceDE w:val="off"/><w:autoSpaceDN w:val="off"/></w:pPr><w:rPr><w:rFonts w:ascii="Arial" w:h-ansi="Arial"/><wx:font wx:val="Arial"/><w:sz-cs w:val="24"/><w:lang w:val="RU" w:fareast="RU" w:bidi="AR-SA"/></w:rPr></w:style><w:style w:type="paragraph" w:styleId="1"><w:name w:val="heading 1"/><wx:uiName wx:val="Заголовок 1"/><w:basedOn w:val="a"/><w:next w:val="a"/><w:rsid w:val="000B79E5"/><w:pPr><w:pStyle w:val="1"/><w:keepNext/><w:outlineLvl w:val="0"/></w:pPr><w:rPr><wx:font wx:val="Arial"/><w:b/><w:b-cs/><w:color w:val="000000"/><w:sz w:val="22"/><w:sz-cs w:val="22"/></w:rPr></w:style><w:style w:type="character" w:default="on" w:styleId="a0"><w:name w:val="Default Paragraph Font"/><wx:uiName wx:val="Основной шрифт абзаца"/><w:semiHidden/></w:style><w:style w:type="table" w:default="on" w:styleId="a1"><w:name w:val="Normal Table"/><wx:uiName wx:val="Обычная таблица"/><w:semiHidden/><w:rPr><wx:font wx:val="Times New Roman"/></w:rPr><w:tblPr><w:tblInd w:w="0" w:type="dxa"/><w:tblCellMar><w:top w:w="0" w:type="dxa"/><w:left w:w="108" w:type="dxa"/><w:bottom w:w="0" w:type="dxa"/><w:right w:w="108" w:type="dxa"/></w:tblCellMar></w:tblPr></w:style><w:style w:type="list" w:default="on" w:styleId="a2"><w:name w:val="No List"/><wx:uiName wx:val="Нет списка"/><w:semiHidden/></w:style><w:style w:type="character" w:styleId="a3"><w:name w:val="Основной шрифт"/><w:rsid w:val="000B79E5"/></w:style></w:styles><w:shapeDefaults><o:shapedefaults v:ext="edit" spidmax="27650"/><o:shapelayout v:ext="edit"><o:idmap v:ext="edit" data="1"/></o:shapelayout></w:shapeDefaults><w:docPr><w:view w:val="print"/><w:zoom w:percent="105"/><w:proofState w:grammar="clean"/><w:attachedTemplate w:val=""/><w:defaultTabStop w:val="720"/><w:doNotHyphenateCaps/><w:drawingGridHorizontalSpacing w:val="187"/><w:drawingGridVerticalSpacing w:val="127"/><w:displayHorizontalDrawingGridEvery w:val="0"/><w:displayVerticalDrawingGridEvery w:val="2"/><w:punctuationKerning/><w:characterSpacingControl w:val="CompressPunctuation"/><w:optimizeForBrowser/><w:validateAgainstSchema w:val="off"/><w:saveInvalidXML w:val="off"/><w:ignoreMixedContent w:val="off"/><w:alwaysShowPlaceholderText w:val="off"/><w:doNotUnderlineInvalidXML/><w:compat><w:footnoteLayoutLikeWW8/><w:shapeLayoutLikeWW8/><w:alignTablesRowByRow/><w:forgetLastTabAlignment/><w:doNotUseHTMLParagraphAutoSpacing/><w:layoutRawTableWidth/><w:layoutTableRowsApart/><w:useWord97LineBreakingRules/><w:breakWrappedTables/><w:dontAllowFieldEndSelect/><w:useWord2002TableStyleRules/></w:compat><wsp:rsids><wsp:rsidRoot wsp:val="00FF3E3A"/><wsp:rsid wsp:val="00035939"/><wsp:rsid wsp:val="000B79E5"/><wsp:rsid wsp:val="000C1CF1"/><wsp:rsid wsp:val="000E3296"/><wsp:rsid wsp:val="00120F3C"/><wsp:rsid wsp:val="00157CBD"/><wsp:rsid wsp:val="00176917"/><wsp:rsid wsp:val="00195ED5"/><wsp:rsid wsp:val="001A3CEF"/><wsp:rsid wsp:val="001C43CB"/><wsp:rsid wsp:val="001E28AE"/><wsp:rsid wsp:val="001E4993"/><wsp:rsid wsp:val="0028420D"/><wsp:rsid wsp:val="0029268C"/><wsp:rsid wsp:val="002C7EFF"/><wsp:rsid wsp:val="003071C0"/><wsp:rsid wsp:val="00333361"/><wsp:rsid wsp:val="0038206B"/><wsp:rsid wsp:val="003859D6"/><wsp:rsid wsp:val="003A0C37"/><wsp:rsid wsp:val="003B2F53"/><wsp:rsid wsp:val="00445A0D"/><wsp:rsid wsp:val="00496133"/><wsp:rsid wsp:val="004F2C7C"/><wsp:rsid wsp:val="00517B5A"/><wsp:rsid wsp:val="00526763"/><wsp:rsid wsp:val="005362D4"/><wsp:rsid wsp:val="0053762E"/><wsp:rsid wsp:val="005B2E3C"/><wsp:rsid wsp:val="005C4AAB"/><wsp:rsid wsp:val="00607F08"/><wsp:rsid wsp:val="00667597"/><wsp:rsid wsp:val="00671B49"/><wsp:rsid wsp:val="006A05A8"/><wsp:rsid wsp:val="0071488D"/><wsp:rsid wsp:val="0072785A"/><wsp:rsid wsp:val="0075497A"/><wsp:rsid wsp:val="00797F37"/><wsp:rsid wsp:val="007B6AE6"/><wsp:rsid wsp:val="007D1341"/><wsp:rsid wsp:val="007D693C"/><wsp:rsid wsp:val="00815BB1"/><wsp:rsid wsp:val="00822DDE"/><wsp:rsid wsp:val="00883279"/><wsp:rsid wsp:val="008F470C"/><wsp:rsid wsp:val="00902A85"/><wsp:rsid wsp:val="009660CC"/><wsp:rsid wsp:val="009715C9"/><wsp:rsid wsp:val="00971A58"/><wsp:rsid wsp:val="00991AEB"/><wsp:rsid wsp:val="009C3F51"/><wsp:rsid wsp:val="009D454E"/><wsp:rsid wsp:val="009E331B"/><wsp:rsid wsp:val="00A3304E"/><wsp:rsid wsp:val="00A83132"/><wsp:rsid wsp:val="00A91392"/><wsp:rsid wsp:val="00AF38A3"/><wsp:rsid wsp:val="00B5698B"/><wsp:rsid wsp:val="00B603EC"/><wsp:rsid wsp:val="00B838BD"/><wsp:rsid wsp:val="00BB4E8A"/><wsp:rsid wsp:val="00BF4805"/><wsp:rsid wsp:val="00C047C6"/><wsp:rsid wsp:val="00C32596"/><wsp:rsid wsp:val="00C43336"/><wsp:rsid wsp:val="00C7194C"/><wsp:rsid wsp:val="00C915A8"/><wsp:rsid wsp:val="00C91A78"/><wsp:rsid wsp:val="00C9784E"/><wsp:rsid wsp:val="00CC77E1"/><wsp:rsid wsp:val="00CF68B0"/><wsp:rsid wsp:val="00DB4CCD"/><wsp:rsid wsp:val="00E246AB"/><wsp:rsid wsp:val="00E74BB0"/><wsp:rsid wsp:val="00F10ECF"/><wsp:rsid wsp:val="00F13269"/><wsp:rsid wsp:val="00F34263"/><wsp:rsid wsp:val="00F5192A"/><wsp:rsid wsp:val="00F736EA"/><wsp:rsid wsp:val="00F82589"/><wsp:rsid wsp:val="00F83CF2"/><wsp:rsid wsp:val="00FF3E3A"/></wsp:rsids></w:docPr><w:body><wx:sect><w:tbl><w:tblPr><w:tblW w:w="10206" w:type="dxa"/><w:tblInd w:w="5" w:type="dxa"/><w:tblLayout w:type="Fixed"/><w:tblCellMar><w:left w:w="57" w:type="dxa"/><w:right w:w="0" w:type="dxa"/></w:tblCellMar></w:tblPr><w:tblGrid><w:gridCol w:w="1126"/><w:gridCol w:w="924"/><w:gridCol w:w="191"/><w:gridCol w:w="377"/><w:gridCol w:w="211"/><w:gridCol w:w="1091"/><w:gridCol w:w="379"/><w:gridCol w:w="561"/><w:gridCol w:w="803"/><w:gridCol w:w="314"/><w:gridCol w:w="188"/><w:gridCol w:w="6"/><w:gridCol w:w="343"/><w:gridCol w:w="26"/><w:gridCol w:w="1108"/><w:gridCol w:w="386"/><w:gridCol w:w="186"/><w:gridCol w:w="6"/><w:gridCol w:w="700"/><w:gridCol w:w="48"/><w:gridCol w:w="749"/><w:gridCol w:w="483"/></w:tblGrid><w:tr wsp:rsidR="000B79E5" wsp:rsidRPr="000C1CF1" wsp:rsidTr="00C9784E"><w:trPr><w:cantSplit/><w:trHeight w:val="607"/></w:trPr><w:tc><w:tcPr><w:tcW w:w="5977" w:type="dxa"/><w:gridSpan w:val="10"/><w:tcBorders><w:top w:val="nil"/><w:left w:val="nil"/><w:bottom w:val="nil"/><w:right w:val="nil"/></w:tcBorders></w:tcPr><w:p wsp:rsidR="000B79E5" wsp:rsidRPr="000C1CF1" wsp:rsidRDefault="000B79E5"><w:pPr><w:autoSpaceDE/><w:autoSpaceDN/></w:pPr></w:p></w:tc><w:tc><w:tcPr><w:tcW w:w="2057" w:type="dxa"/><w:gridSpan w:val="6"/><w:tcBorders><w:top w:val="nil"/><w:left w:val="nil"/><w:bottom w:val="nil"/><w:right w:val="nil"/></w:tcBorders></w:tcPr><w:p wsp:rsidR="000B79E5" wsp:rsidRPr="000C1CF1" wsp:rsidRDefault="000B79E5"><w:pPr><w:jc w:val="center"/></w:pPr></w:p></w:tc><w:tc><w:tcPr><w:tcW w:w="940" w:type="dxa"/><w:gridSpan w:val="4"/><w:tcBorders><w:top w:val="nil"/><w:left w:val="nil"/><w:bottom w:val="nil"/><w:right w:val="single" w:sz="4" wx:bdrwidth="10" w:space="0" w:color="auto"/></w:tcBorders></w:tcPr><w:p wsp:rsidR="000B79E5" wsp:rsidRPr="000C1CF1" wsp:rsidRDefault="000B79E5"><w:pPr><w:jc w:val="center"/></w:pPr></w:p></w:tc><w:tc><w:tcPr><w:tcW w:w="1232" w:type="dxa"/><w:gridSpan w:val="2"/><w:tcBorders><w:top w:val="single" w:sz="4" wx:bdrwidth="10" w:space="0" w:color="auto"/><w:left w:val="single" w:sz="4" wx:bdrwidth="10" w:space="0" w:color="auto"/><w:bottom w:val="single" w:sz="4" wx:bdrwidth="10" w:space="0" w:color="auto"/><w:right w:val="single" w:sz="4" wx:bdrwidth="10" w:space="0" w:color="auto"/></w:tcBorders><w:vAlign w:val="center"/></w:tcPr><w:p wsp:rsidR="000B79E5" wsp:rsidRPr="000C1CF1" wsp:rsidRDefault="001E4993"><w:pPr><w:jc w:val="center"/></w:pPr><w:r wsp:rsidRPr="000C1CF1"><w:t>0401060</w:t></w:r></w:p></w:tc></w:tr><w:tr wsp:rsidR="000B79E5" wsp:rsidRPr="000C1CF1" wsp:rsidTr="00C9784E"><w:trPr><w:cantSplit/><w:trHeight w:val="85"/></w:trPr><w:tc><w:tcPr><w:tcW w:w="2050" w:type="dxa"/><w:gridSpan w:val="2"/><w:tcBorders><w:top w:val="nil"/><w:left w:val="nil"/><w:bottom w:val="single" w:sz="4" wx:bdrwidth="10" w:space="0" w:color="auto"/><w:right w:val="nil"/></w:tcBorders></w:tcPr><w:p wsp:rsidR="000B79E5" wsp:rsidRPr="000C1CF1" wsp:rsidRDefault="000B79E5"><w:pPr><w:jc w:val="right"/></w:pPr></w:p></w:tc><w:tc><w:tcPr><w:tcW w:w="191" w:type="dxa"/><w:tcBorders><w:top w:val="nil"/><w:left w:val="nil"/><w:bottom w:val="nil"/><w:right w:val="nil"/></w:tcBorders></w:tcPr><w:p wsp:rsidR="000B79E5" wsp:rsidRPr="000C1CF1" wsp:rsidRDefault="000B79E5"><w:pPr><w:jc w:val="right"/></w:pPr></w:p></w:tc><w:tc><w:tcPr><w:tcW w:w="2058" w:type="dxa"/><w:gridSpan w:val="4"/><w:tcBorders><w:top w:val="nil"/><w:left w:val="nil"/><w:bottom w:val="single" w:sz="4" wx:bdrwidth="10" w:space="0" w:color="auto"/><w:right w:val="nil"/></w:tcBorders></w:tcPr><w:p wsp:rsidR="000B79E5" wsp:rsidRPr="000C1CF1" wsp:rsidRDefault="000B79E5"><w:pPr><w:jc w:val="right"/></w:pPr></w:p></w:tc><w:tc><w:tcPr><w:tcW w:w="4675" w:type="dxa"/><w:gridSpan w:val="13"/><w:tcBorders><w:top w:val="nil"/><w:left w:val="nil"/><w:bottom w:val="nil"/><w:right w:val="nil"/></w:tcBorders></w:tcPr><w:p wsp:rsidR="000B79E5" wsp:rsidRPr="000C1CF1" wsp:rsidRDefault="000B79E5"><w:pPr><w:jc w:val="center"/></w:pPr></w:p></w:tc><w:tc><w:tcPr><w:tcW w:w="1232" w:type="dxa"/><w:gridSpan w:val="2"/><w:tcBorders><w:top w:val="single" w:sz="4" wx:bdrwidth="10" w:space="0" w:color="auto"/><w:left w:val="nil"/><w:bottom w:val="nil"/><w:right w:val="nil"/></w:tcBorders></w:tcPr><w:p wsp:rsidR="000B79E5" wsp:rsidRPr="000C1CF1" wsp:rsidRDefault="000B79E5"><w:pPr><w:jc w:val="center"/></w:pPr></w:p></w:tc></w:tr><w:tr wsp:rsidR="000B79E5" wsp:rsidRPr="000C1CF1" wsp:rsidTr="00C9784E"><w:trPr><w:cantSplit/></w:trPr><w:tc><w:tcPr><w:tcW w:w="2050" w:type="dxa"/><w:gridSpan w:val="2"/><w:tcBorders><w:top w:val="nil"/><w:left w:val="nil"/><w:bottom w:val="nil"/><w:right w:val="nil"/></w:tcBorders></w:tcPr><w:p wsp:rsidR="000B79E5" wsp:rsidRPr="000C1CF1" wsp:rsidRDefault="001E4993"><w:pPr><w:ind w:first-line="1"/></w:pPr><w:r wsp:rsidRPr="000C1CF1"><w:t>Поступ. в банк плат.</w:t></w:r></w:p></w:tc><w:tc><w:tcPr><w:tcW w:w="191" w:type="dxa"/><w:tcBorders><w:top w:val="nil"/><w:left w:val="nil"/><w:bottom w:val="nil"/><w:right w:val="nil"/></w:tcBorders></w:tcPr><w:p wsp:rsidR="000B79E5" wsp:rsidRPr="000C1CF1" wsp:rsidRDefault="000B79E5"><w:pPr><w:ind w:first-line="284"/></w:pPr></w:p></w:tc><w:tc><w:tcPr><w:tcW w:w="2058" w:type="dxa"/><w:gridSpan w:val="4"/><w:tcBorders><w:top w:val="single" w:sz="4" wx:bdrwidth="10" w:space="0" w:color="auto"/><w:left w:val="nil"/><w:bottom w:val="nil"/><w:right w:val="nil"/></w:tcBorders></w:tcPr><w:p wsp:rsidR="000B79E5" wsp:rsidRPr="000C1CF1" wsp:rsidRDefault="001E4993"><w:pPr><w:jc w:val="center"/></w:pPr><w:r wsp:rsidRPr="000C1CF1"><w:t>Списано со сч. плат.</w:t></w:r></w:p></w:tc><w:tc><w:tcPr><w:tcW w:w="5907" w:type="dxa"/><w:gridSpan w:val="15"/><w:tcBorders><w:top w:val="nil"/><w:left w:val="nil"/><w:bottom w:val="nil"/><w:right w:val="nil"/></w:tcBorders></w:tcPr><w:p wsp:rsidR="000B79E5" wsp:rsidRPr="000C1CF1" wsp:rsidRDefault="000B79E5"><w:pPr><w:jc w:val="center"/></w:pPr></w:p></w:tc></w:tr><w:tr wsp:rsidR="000B79E5" wsp:rsidRPr="000C1CF1" wsp:rsidTr="00883279"><w:trPr><w:cantSplit/></w:trPr><w:tc><w:tcPr><w:tcW w:w="3920" w:type="dxa"/><w:gridSpan w:val="6"/><w:tcBorders><w:top w:val="nil"/><w:left w:val="nil"/><w:bottom w:val="nil"/><w:right w:val="nil"/></w:tcBorders></w:tcPr><w:p wsp:rsidR="000B79E5" wsp:rsidRPr="000C1CF1" wsp:rsidRDefault="000B79E5"><w:pPr><w:jc w:val="center"/></w:pPr></w:p></w:tc><w:tc><w:tcPr><w:tcW w:w="2057" w:type="dxa"/><w:gridSpan w:val="4"/><w:tcBorders><w:top w:val="nil"/><w:left w:val="nil"/><w:bottom w:val="nil"/><w:right w:val="nil"/></w:tcBorders></w:tcPr><w:p wsp:rsidR="000B79E5" wsp:rsidRPr="000C1CF1" wsp:rsidRDefault="000B79E5"><w:pPr><w:jc w:val="center"/></w:pPr></w:p></w:tc><w:tc><w:tcPr><w:tcW w:w="2243" w:type="dxa"/><w:gridSpan w:val="7"/><w:tcBorders><w:top w:val="nil"/><w:left w:val="nil"/><w:bottom w:val="nil"/><w:right w:val="nil"/></w:tcBorders></w:tcPr><w:p wsp:rsidR="000B79E5" wsp:rsidRPr="000C1CF1" wsp:rsidRDefault="000B79E5"><w:pPr><w:jc w:val="center"/></w:pPr></w:p></w:tc><w:tc><w:tcPr><w:tcW w:w="1503" w:type="dxa"/><w:gridSpan w:val="4"/><w:tcBorders><w:top w:val="nil"/><w:left w:val="nil"/><w:bottom w:val="nil"/><w:right w:val="single" w:sz="4" wx:bdrwidth="10" w:space="0" w:color="auto"/></w:tcBorders></w:tcPr><w:p wsp:rsidR="000B79E5" wsp:rsidRPr="000C1CF1" wsp:rsidRDefault="000B79E5"><w:pPr><w:jc w:val="center"/></w:pPr></w:p></w:tc><w:tc><w:tcPr><w:tcW w:w="483" w:type="dxa"/><w:vmerge w:val="restart"/><w:tcBorders><w:top w:val="single" w:sz="4" wx:bdrwidth="10" w:space="0" w:color="auto"/><w:left w:val="single" w:sz="4" wx:bdrwidth="10" w:space="0" w:color="auto"/><w:bottom w:val="single" w:sz="4" wx:bdrwidth="10" w:space="0" w:color="auto"/><w:right w:val="single" w:sz="4" wx:bdrwidth="10" w:space="0" w:color="auto"/></w:tcBorders><w:vAlign w:val="center"/></w:tcPr><w:p wsp:rsidR="000B79E5" wsp:rsidRPr="000C1CF1" wsp:rsidRDefault="00B603EC" wsp:rsidP="00883279"><w:pPr><w:jc w:val="center"/></w:pPr><w:r wsp:rsidRPr="000C1CF1"><w:t>##Платеж_Статус##</w:t></w:r></w:p></w:tc></w:tr><w:tr wsp:rsidR="000B79E5" wsp:rsidRPr="000C1CF1" wsp:rsidTr="00C9784E"><w:trPr><w:cantSplit/></w:trPr><w:tc><w:tcPr><w:tcW w:w="3920" w:type="dxa"/><w:gridSpan w:val="6"/><w:tcBorders><w:top w:val="nil"/><w:left w:val="nil"/><w:bottom w:val="nil"/><w:right w:val="nil"/></w:tcBorders></w:tcPr><w:p wsp:rsidR="000B79E5" wsp:rsidRPr="000C1CF1" wsp:rsidRDefault="001E4993" wsp:rsidP="009715C9"><w:pPr><w:pStyle w:val="1"/></w:pPr><w:r wsp:rsidRPr="000C1CF1"><w:t>ПЛАТЕЖНОЕ ПОРУЧЕНИЕ N </w:t></w:r><w:r wsp:rsidR="009715C9" wsp:rsidRPr="000C1CF1"><w:t>##Платеж_Номер##</w:t></w:r></w:p></w:tc><w:tc><w:tcPr><w:tcW w:w="2057" w:type="dxa"/><w:gridSpan w:val="4"/><w:tcBorders><w:top w:val="nil"/><w:left w:val="nil"/><w:bottom w:val="single" w:sz="6" wx:bdrwidth="15" w:space="0" w:color="auto"/><w:right w:val="nil"/></w:tcBorders></w:tcPr><w:p wsp:rsidR="000B79E5" wsp:rsidRPr="000C1CF1" wsp:rsidRDefault="009715C9" wsp:rsidP="009715C9"><w:pPr><w:jc w:val="center"/></w:pPr><w:r wsp:rsidRPr="000C1CF1"><w:t>##Дата##</w:t></w:r></w:p></w:tc><w:tc><w:tcPr><w:tcW w:w="188" w:type="dxa"/><w:tcBorders><w:top w:val="nil"/><w:left w:val="nil"/><w:bottom w:val="nil"/><w:right w:val="nil"/></w:tcBorders></w:tcPr><w:p wsp:rsidR="000B79E5" wsp:rsidRPr="000C1CF1" wsp:rsidRDefault="000B79E5"/></w:tc><w:tc><w:tcPr><w:tcW w:w="2055" w:type="dxa"/><w:gridSpan w:val="6"/><w:tcBorders><w:top w:val="nil"/><w:left w:val="nil"/><w:bottom w:val="single" w:sz="4" wx:bdrwidth="10" w:space="0" w:color="auto"/><w:right w:val="nil"/></w:tcBorders></w:tcPr><w:p wsp:rsidR="000B79E5" wsp:rsidRPr="000C1CF1" wsp:rsidRDefault="000B79E5"/></w:tc><w:tc><w:tcPr><w:tcW w:w="1503" w:type="dxa"/><w:gridSpan w:val="4"/><w:tcBorders><w:top w:val="nil"/><w:left w:val="nil"/><w:bottom w:val="nil"/><w:right w:val="single" w:sz="4" wx:bdrwidth="10" w:space="0" w:color="auto"/></w:tcBorders></w:tcPr><w:p wsp:rsidR="000B79E5" wsp:rsidRPr="000C1CF1" wsp:rsidRDefault="000B79E5"><w:pPr><w:jc w:val="center"/></w:pPr></w:p></w:tc><w:tc><w:tcPr><w:tcW w:w="483" w:type="dxa"/><w:vmerge/><w:tcBorders><w:top w:val="nil"/><w:left w:val="single" w:sz="4" wx:bdrwidth="10" w:space="0" w:color="auto"/><w:bottom w:val="single" w:sz="4" wx:bdrwidth="10" w:space="0" w:color="auto"/><w:right w:val="single" w:sz="4" wx:bdrwidth="10" w:space="0" w:color="auto"/></w:tcBorders></w:tcPr><w:p wsp:rsidR="000B79E5" wsp:rsidRPr="000C1CF1" wsp:rsidRDefault="000B79E5"><w:pPr><w:jc w:val="center"/></w:pPr></w:p></w:tc></w:tr><w:tr wsp:rsidR="000B79E5" wsp:rsidRPr="000C1CF1" wsp:rsidTr="00C9784E"><w:trPr><w:cantSplit/><w:trHeight w:val="189"/></w:trPr><w:tc><w:tcPr><w:tcW w:w="3920" w:type="dxa"/><w:gridSpan w:val="6"/><w:tcBorders><w:top w:val="nil"/><w:left w:val="nil"/><w:bottom w:val="nil"/><w:right w:val="nil"/></w:tcBorders></w:tcPr><w:p wsp:rsidR="000B79E5" wsp:rsidRPr="000C1CF1" wsp:rsidRDefault="000B79E5"><w:pPr><w:jc w:val="center"/></w:pPr></w:p></w:tc><w:tc><w:tcPr><w:tcW w:w="2057" w:type="dxa"/><w:gridSpan w:val="4"/><w:tcBorders><w:top w:val="nil"/><w:left w:val="nil"/><w:bottom w:val="nil"/><w:right w:val="nil"/></w:tcBorders></w:tcPr><w:p wsp:rsidR="000B79E5" wsp:rsidRPr="000C1CF1" wsp:rsidRDefault="001E4993"><w:pPr><w:jc w:val="center"/></w:pPr><w:r wsp:rsidRPr="000C1CF1"><w:t>Дата </w:t></w:r></w:p></w:tc><w:tc><w:tcPr><w:tcW w:w="188" w:type="dxa"/><w:tcBorders><w:top w:val="nil"/><w:left w:val="nil"/><w:bottom w:val="nil"/><w:right w:val="nil"/></w:tcBorders></w:tcPr><w:p wsp:rsidR="000B79E5" wsp:rsidRPr="000C1CF1" wsp:rsidRDefault="000B79E5"><w:pPr><w:jc w:val="center"/></w:pPr></w:p></w:tc><w:tc><w:tcPr><w:tcW w:w="2055" w:type="dxa"/><w:gridSpan w:val="6"/><w:tcBorders><w:top w:val="single" w:sz="4" wx:bdrwidth="10" w:space="0" w:color="auto"/><w:left w:val="nil"/><w:bottom w:val="nil"/><w:right w:val="nil"/></w:tcBorders></w:tcPr><w:p wsp:rsidR="000B79E5" wsp:rsidRPr="000C1CF1" wsp:rsidRDefault="001E4993"><w:pPr><w:jc w:val="center"/></w:pPr><w:r wsp:rsidRPr="000C1CF1"><w:t>Вид платежа</w:t></w:r></w:p></w:tc><w:tc><w:tcPr><w:tcW w:w="1986" w:type="dxa"/><w:gridSpan w:val="5"/><w:tcBorders><w:top w:val="nil"/><w:left w:val="nil"/><w:bottom w:val="nil"/><w:right w:val="nil"/></w:tcBorders></w:tcPr><w:p wsp:rsidR="000B79E5" wsp:rsidRPr="000C1CF1" wsp:rsidRDefault="000B79E5"><w:pPr><w:jc w:val="center"/></w:pPr></w:p></w:tc></w:tr><w:tr wsp:rsidR="000B79E5" wsp:rsidRPr="000C1CF1" wsp:rsidTr="00C9784E"><w:trPr><w:trHeight w:val="884"/></w:trPr><w:tc><w:tcPr><w:tcW w:w="1126" w:type="dxa"/><w:tcBorders><w:top w:val="nil"/><w:left w:val="nil"/><w:bottom w:val="single" w:sz="6" wx:bdrwidth="15" w:space="0" w:color="auto"/><w:right w:val="single" w:sz="6" wx:bdrwidth="15" w:space="0" w:color="auto"/></w:tcBorders><w:vAlign w:val="center"/></w:tcPr><w:p wsp:rsidR="000B79E5" wsp:rsidRPr="000C1CF1" wsp:rsidRDefault="001E4993"><w:r wsp:rsidRPr="000C1CF1"><w:t>Сумма </w:t></w:r></w:p><w:p wsp:rsidR="000B79E5" wsp:rsidRPr="000C1CF1" wsp:rsidRDefault="001E4993"><w:r wsp:rsidRPr="000C1CF1"><w:t>прописью </w:t></w:r></w:p></w:tc><w:tc><w:tcPr><w:tcW w:w="9080" w:type="dxa"/><w:gridSpan w:val="21"/><w:tcBorders><w:top w:val="nil"/><w:left w:val="single" w:sz="6" wx:bdrwidth="15" w:space="0" w:color="auto"/><w:bottom w:val="single" w:sz="6" wx:bdrwidth="15" w:space="0" w:color="auto"/><w:right w:val="nil"/></w:tcBorders></w:tcPr><w:p wsp:rsidR="000B79E5" wsp:rsidRPr="000C1CF1" wsp:rsidRDefault="005B2E3C" wsp:rsidP="00CF68B0"><w:r wsp:rsidRPr="000C1CF1"><w:t>##Платеж_СуммаПрописью##</w:t></w:r></w:p></w:tc></w:tr><w:tr wsp:rsidR="00C915A8" wsp:rsidRPr="000C1CF1" wsp:rsidTr="00C9784E"><w:tc><w:tcPr><w:tcW w:w="2829" w:type="dxa"/><w:gridSpan w:val="5"/><w:tcBorders><w:top w:val="nil"/><w:left w:val="nil"/><w:bottom w:val="nil"/><w:right w:val="single" w:sz="4" wx:bdrwidth="10" w:space="0" w:color="auto"/></w:tcBorders></w:tcPr><w:p wsp:rsidR="00C915A8" wsp:rsidRPr="000C1CF1" wsp:rsidRDefault="00C915A8" wsp:rsidP="00D647EB"><w:r wsp:rsidRPr="000C1CF1"><w:t>ИНН ##Мы_ИНН##</w:t></w:r></w:p></w:tc><w:tc><w:tcPr><w:tcW w:w="2834" w:type="dxa"/><w:gridSpan w:val="4"/><w:tcBorders><w:top w:val="single" w:sz="4" wx:bdrwidth="10" w:space="0" w:color="auto"/><w:left w:val="single" w:sz="4" wx:bdrwidth="10" w:space="0" w:color="auto"/><w:bottom w:val="single" w:sz="4" wx:bdrwidth="10" w:space="0" w:color="auto"/><w:right w:val="single" w:sz="4" wx:bdrwidth="10" w:space="0" w:color="auto"/></w:tcBorders></w:tcPr><w:p wsp:rsidR="00C915A8" wsp:rsidRPr="000C1CF1" wsp:rsidRDefault="00C915A8" wsp:rsidP="00D647EB"><w:r wsp:rsidRPr="000C1CF1"><w:t>КПП ##Мы_КПП##</w:t></w:r></w:p></w:tc><w:tc><w:tcPr><w:tcW w:w="851" w:type="dxa"/><w:gridSpan w:val="4"/><w:vmerge w:val="restart"/><w:tcBorders><w:top w:val="nil"/><w:left w:val="single" w:sz="4" wx:bdrwidth="10" w:space="0" w:color="auto"/><w:bottom w:val="nil"/><w:right w:val="single" w:sz="6" wx:bdrwidth="15" w:space="0" w:color="auto"/></w:tcBorders></w:tcPr><w:p wsp:rsidR="00C915A8" wsp:rsidRPr="000C1CF1" wsp:rsidRDefault="00C915A8"><w:r wsp:rsidRPr="000C1CF1"><w:t>Сумма </w:t></w:r></w:p><w:p wsp:rsidR="00C915A8" wsp:rsidRPr="000C1CF1" wsp:rsidRDefault="00C915A8"/></w:tc><w:tc><w:tcPr><w:tcW w:w="3692" w:type="dxa"/><w:gridSpan w:val="9"/><w:tcBorders><w:top w:val="nil"/><w:left w:val="single" w:sz="6" wx:bdrwidth="15" w:space="0" w:color="auto"/><w:bottom w:val="nil"/><w:right w:val="nil"/></w:tcBorders></w:tcPr><w:p wsp:rsidR="00C915A8" wsp:rsidRPr="000C1CF1" wsp:rsidRDefault="00DB4CCD" wsp:rsidP="00CF68B0"><w:r wsp:rsidRPr="000C1CF1"><w:t>##Платеж_СуммаБезКопеек##</w:t></w:r></w:p></w:tc></w:tr><w:tr wsp:rsidR="00C915A8" wsp:rsidRPr="000C1CF1" wsp:rsidTr="00C9784E"><w:trPr><w:trHeight w:val="629"/></w:trPr><w:tc><w:tcPr><w:tcW w:w="5663" w:type="dxa"/><w:gridSpan w:val="9"/><w:tcBorders><w:top w:val="single" w:sz="4" wx:bdrwidth="10" w:space="0" w:color="auto"/><w:left w:val="nil"/><w:bottom w:val="nil"/><w:right w:val="single" w:sz="6" wx:bdrwidth="15" w:space="0" w:color="auto"/></w:tcBorders></w:tcPr><w:p wsp:rsidR="00C915A8" wsp:rsidRPr="000C1CF1" wsp:rsidRDefault="00A3304E"><w:r wsp:rsidRPr="000C1CF1"><w:t>##Мы_Имя##, ##Мы_ОтделениеБанка##</w:t></w:r></w:p></w:tc><w:tc><w:tcPr><w:tcW w:w="851" w:type="dxa"/><w:gridSpan w:val="4"/><w:vmerge/><w:tcBorders><w:top w:val="nil"/><w:left w:val="single" w:sz="6" wx:bdrwidth="15" w:space="0" w:color="auto"/><w:bottom w:val="single" w:sz="6" wx:bdrwidth="15" w:space="0" w:color="auto"/><w:right w:val="single" w:sz="6" wx:bdrwidth="15" w:space="0" w:color="auto"/></w:tcBorders></w:tcPr><w:p wsp:rsidR="00C915A8" wsp:rsidRPr="000C1CF1" wsp:rsidRDefault="00C915A8"/></w:tc><w:tc><w:tcPr><w:tcW w:w="3692" w:type="dxa"/><w:gridSpan w:val="9"/><w:tcBorders><w:top w:val="nil"/><w:left w:val="single" w:sz="6" wx:bdrwidth="15" w:space="0" w:color="auto"/><w:bottom w:val="single" w:sz="6" wx:bdrwidth="15" w:space="0" w:color="auto"/><w:right w:val="nil"/></w:tcBorders></w:tcPr><w:p wsp:rsidR="00C915A8" wsp:rsidRPr="000C1CF1" wsp:rsidRDefault="00C915A8" wsp:rsidP="00CF68B0"/></w:tc></w:tr><w:tr wsp:rsidR="000B79E5" wsp:rsidRPr="000C1CF1" wsp:rsidTr="00C9784E"><w:trPr><w:trHeight w:val="869"/></w:trPr><w:tc><w:tcPr><w:tcW w:w="5663" w:type="dxa"/><w:gridSpan w:val="9"/><w:tcBorders><w:top w:val="nil"/><w:left w:val="nil"/><w:bottom w:val="single" w:sz="6" wx:bdrwidth="15" w:space="0" w:color="auto"/><w:right w:val="single" w:sz="6" wx:bdrwidth="15" w:space="0" w:color="auto"/></w:tcBorders><w:vAlign w:val="bottom"/></w:tcPr><w:p wsp:rsidR="000B79E5" wsp:rsidRPr="000C1CF1" wsp:rsidRDefault="001E4993"><w:r wsp:rsidRPr="000C1CF1"><w:t>Плательщик </w:t></w:r></w:p></w:tc><w:tc><w:tcPr><w:tcW w:w="851" w:type="dxa"/><w:gridSpan w:val="4"/><w:tcBorders><w:top w:val="nil"/><w:left w:val="single" w:sz="6" wx:bdrwidth="15" w:space="0" w:color="auto"/><w:bottom w:val="single" w:sz="6" wx:bdrwidth="15" w:space="0" w:color="auto"/><w:right w:val="single" w:sz="6" wx:bdrwidth="15" w:space="0" w:color="auto"/></w:tcBorders></w:tcPr><w:p wsp:rsidR="000B79E5" wsp:rsidRPr="000C1CF1" wsp:rsidRDefault="001E4993"><w:r wsp:rsidRPr="000C1CF1"><w:t>Сч. N </w:t></w:r></w:p></w:tc><w:tc><w:tcPr><w:tcW w:w="3692" w:type="dxa"/><w:gridSpan w:val="9"/><w:tcBorders><w:top w:val="nil"/><w:left w:val="single" w:sz="6" wx:bdrwidth="15" w:space="0" w:color="auto"/><w:bottom w:val="nil"/><w:right w:val="nil"/></w:tcBorders></w:tcPr><w:p wsp:rsidR="000B79E5" wsp:rsidRPr="000C1CF1" wsp:rsidRDefault="00607F08" wsp:rsidP="00CF68B0"><w:r wsp:rsidRPr="000C1CF1"><w:t>##Мы_РассчетрыйСчет##</w:t></w:r></w:p></w:tc></w:tr><w:tr wsp:rsidR="00607F08" wsp:rsidRPr="000C1CF1" wsp:rsidTr="00C9784E"><w:trPr><w:trHeight w:val="409"/></w:trPr><w:tc><w:tcPr><w:tcW w:w="5663" w:type="dxa"/><w:gridSpan w:val="9"/><w:tcBorders><w:top w:val="nil"/><w:left w:val="nil"/><w:bottom w:val="nil"/><w:right w:val="nil"/></w:tcBorders></w:tcPr><w:p wsp:rsidR="00607F08" wsp:rsidRPr="000C1CF1" wsp:rsidRDefault="00C7194C"><w:r wsp:rsidRPr="000C1CF1"><w:t>##Мы_НаименованиеБанка##</w:t></w:r></w:p></w:tc><w:tc><w:tcPr><w:tcW w:w="851" w:type="dxa"/><w:gridSpan w:val="4"/><w:tcBorders><w:top w:val="nil"/><w:left w:val="single" w:sz="6" wx:bdrwidth="15" w:space="0" w:color="auto"/><w:bottom w:val="single" w:sz="6" wx:bdrwidth="15" w:space="0" w:color="auto"/><w:right w:val="single" w:sz="6" wx:bdrwidth="15" w:space="0" w:color="auto"/></w:tcBorders></w:tcPr><w:p wsp:rsidR="00607F08" wsp:rsidRPr="000C1CF1" wsp:rsidRDefault="00607F08"><w:r wsp:rsidRPr="000C1CF1"><w:t>БИК</w:t></w:r></w:p></w:tc><w:tc><w:tcPr><w:tcW w:w="3692" w:type="dxa"/><w:gridSpan w:val="9"/><w:tcBorders><w:top w:val="nil"/><w:left w:val="single" w:sz="6" wx:bdrwidth="15" w:space="0" w:color="auto"/><w:bottom w:val="nil"/><w:right w:val="nil"/></w:tcBorders></w:tcPr><w:p wsp:rsidR="00607F08" wsp:rsidRPr="000C1CF1" wsp:rsidRDefault="00607F08" wsp:rsidP="00CF68B0"><w:r wsp:rsidRPr="000C1CF1"><w:t>##Мы_БИК##</w:t></w:r></w:p></w:tc></w:tr><w:tr wsp:rsidR="00607F08" wsp:rsidRPr="000C1CF1" wsp:rsidTr="00C9784E"><w:tc><w:tcPr><w:tcW w:w="5663" w:type="dxa"/><w:gridSpan w:val="9"/><w:vmerge w:val="restart"/><w:tcBorders><w:top w:val="nil"/><w:left w:val="nil"/><w:bottom w:val="nil"/><w:right w:val="nil"/></w:tcBorders><w:vAlign w:val="bottom"/></w:tcPr><w:p wsp:rsidR="00607F08" wsp:rsidRPr="000C1CF1" wsp:rsidRDefault="00607F08"><w:r wsp:rsidRPr="000C1CF1"><w:t>Банк плательщика</w:t></w:r></w:p></w:tc><w:tc><w:tcPr><w:tcW w:w="851" w:type="dxa"/><w:gridSpan w:val="4"/><w:vmerge w:val="restart"/><w:tcBorders><w:top w:val="nil"/><w:left w:val="single" w:sz="6" wx:bdrwidth="15" w:space="0" w:color="auto"/><w:bottom w:val="nil"/><w:right w:val="single" w:sz="6" wx:bdrwidth="15" w:space="0" w:color="auto"/></w:tcBorders></w:tcPr><w:p wsp:rsidR="00607F08" wsp:rsidRPr="000C1CF1" wsp:rsidRDefault="00607F08"><w:r wsp:rsidRPr="000C1CF1"><w:t>Сч. N</w:t></w:r></w:p></w:tc><w:tc><w:tcPr><w:tcW w:w="3692" w:type="dxa"/><w:gridSpan w:val="9"/><w:tcBorders><w:top w:val="nil"/><w:left w:val="single" w:sz="6" wx:bdrwidth="15" w:space="0" w:color="auto"/><w:bottom w:val="nil"/><w:right w:val="nil"/></w:tcBorders></w:tcPr><w:p wsp:rsidR="00607F08" wsp:rsidRPr="000C1CF1" wsp:rsidRDefault="00607F08" wsp:rsidP="00CF68B0"><w:r wsp:rsidRPr="000C1CF1"><w:t>##Мы_КорСчет##</w:t></w:r></w:p></w:tc></w:tr><w:tr wsp:rsidR="00607F08" wsp:rsidRPr="000C1CF1" wsp:rsidTr="00C9784E"><w:trPr><w:trHeight w:val="119"/></w:trPr><w:tc><w:tcPr><w:tcW w:w="5663" w:type="dxa"/><w:gridSpan w:val="9"/><w:vmerge/><w:tcBorders><w:top w:val="nil"/><w:left w:val="nil"/><w:bottom w:val="single" w:sz="6" wx:bdrwidth="15" w:space="0" w:color="auto"/><w:right w:val="nil"/></w:tcBorders></w:tcPr><w:p wsp:rsidR="00607F08" wsp:rsidRPr="000C1CF1" wsp:rsidRDefault="00607F08"/></w:tc><w:tc><w:tcPr><w:tcW w:w="851" w:type="dxa"/><w:gridSpan w:val="4"/><w:vmerge/><w:tcBorders><w:top w:val="nil"/><w:left w:val="single" w:sz="6" wx:bdrwidth="15" w:space="0" w:color="auto"/><w:bottom w:val="single" w:sz="6" wx:bdrwidth="15" w:space="0" w:color="auto"/><w:right w:val="single" w:sz="6" wx:bdrwidth="15" w:space="0" w:color="auto"/></w:tcBorders></w:tcPr><w:p wsp:rsidR="00607F08" wsp:rsidRPr="000C1CF1" wsp:rsidRDefault="00607F08"/></w:tc><w:tc><w:tcPr><w:tcW w:w="3692" w:type="dxa"/><w:gridSpan w:val="9"/><w:tcBorders><w:top w:val="nil"/><w:left w:val="single" w:sz="6" wx:bdrwidth="15" w:space="0" w:color="auto"/><w:bottom w:val="single" w:sz="6" wx:bdrwidth="15" w:space="0" w:color="auto"/><w:right w:val="nil"/></w:tcBorders></w:tcPr><w:p wsp:rsidR="00607F08" wsp:rsidRPr="000C1CF1" wsp:rsidRDefault="00607F08" wsp:rsidP="00CF68B0"/></w:tc></w:tr><w:tr wsp:rsidR="00607F08" wsp:rsidRPr="000C1CF1" wsp:rsidTr="00C9784E"><w:trPr><w:trHeight w:val="416"/></w:trPr><w:tc><w:tcPr><w:tcW w:w="5663" w:type="dxa"/><w:gridSpan w:val="9"/><w:tcBorders><w:top w:val="nil"/><w:left w:val="nil"/><w:bottom w:val="nil"/><w:right w:val="nil"/></w:tcBorders></w:tcPr><w:p wsp:rsidR="00607F08" wsp:rsidRPr="000C1CF1" wsp:rsidRDefault="00F83CF2"><w:r wsp:rsidRPr="000C1CF1"><w:t>##Платеж_ВБанке##</w:t></w:r></w:p></w:tc><w:tc><w:tcPr><w:tcW w:w="851" w:type="dxa"/><w:gridSpan w:val="4"/><w:tcBorders><w:top w:val="nil"/><w:left w:val="single" w:sz="6" wx:bdrwidth="15" w:space="0" w:color="auto"/><w:bottom w:val="single" w:sz="6" wx:bdrwidth="15" w:space="0" w:color="auto"/><w:right w:val="single" w:sz="6" wx:bdrwidth="15" w:space="0" w:color="auto"/></w:tcBorders></w:tcPr><w:p wsp:rsidR="00607F08" wsp:rsidRPr="000C1CF1" wsp:rsidRDefault="00607F08"><w:r wsp:rsidRPr="000C1CF1"><w:t>БИК</w:t></w:r></w:p></w:tc><w:tc><w:tcPr><w:tcW w:w="3692" w:type="dxa"/><w:gridSpan w:val="9"/><w:tcBorders><w:top w:val="nil"/><w:left w:val="single" w:sz="6" wx:bdrwidth="15" w:space="0" w:color="auto"/><w:bottom w:val="nil"/><w:right w:val="nil"/></w:tcBorders></w:tcPr><w:p wsp:rsidR="00607F08" wsp:rsidRPr="000C1CF1" wsp:rsidRDefault="00607F08" wsp:rsidP="00CF68B0"><w:r wsp:rsidRPr="000C1CF1"><w:t>##Платеж_БИК##</w:t></w:r></w:p></w:tc></w:tr><w:tr wsp:rsidR="00607F08" wsp:rsidRPr="000C1CF1" wsp:rsidTr="00C9784E"><w:trPr><w:trHeight w:val="366"/></w:trPr><w:tc><w:tcPr><w:tcW w:w="5663" w:type="dxa"/><w:gridSpan w:val="9"/><w:tcBorders><w:top w:val="nil"/><w:left w:val="nil"/><w:bottom w:val="single" w:sz="6" wx:bdrwidth="15" w:space="0" w:color="auto"/><w:right w:val="nil"/></w:tcBorders><w:vAlign w:val="bottom"/></w:tcPr><w:p wsp:rsidR="00607F08" wsp:rsidRPr="000C1CF1" wsp:rsidRDefault="00607F08"><w:r wsp:rsidRPr="000C1CF1"><w:t>Банк получателя </w:t></w:r></w:p></w:tc><w:tc><w:tcPr><w:tcW w:w="851" w:type="dxa"/><w:gridSpan w:val="4"/><w:tcBorders><w:top w:val="nil"/><w:left w:val="single" w:sz="6" wx:bdrwidth="15" w:space="0" w:color="auto"/><w:bottom w:val="single" w:sz="6" wx:bdrwidth="15" w:space="0" w:color="auto"/><w:right w:val="single" w:sz="6" wx:bdrwidth="15" w:space="0" w:color="auto"/></w:tcBorders></w:tcPr><w:p wsp:rsidR="00607F08" wsp:rsidRPr="000C1CF1" wsp:rsidRDefault="00607F08"><w:r wsp:rsidRPr="000C1CF1"><w:t>Сч. N</w:t></w:r></w:p></w:tc><w:tc><w:tcPr><w:tcW w:w="3692" w:type="dxa"/><w:gridSpan w:val="9"/><w:tcBorders><w:top w:val="nil"/><w:left w:val="single" w:sz="6" wx:bdrwidth="15" w:space="0" w:color="auto"/><w:bottom w:val="nil"/><w:right w:val="nil"/></w:tcBorders></w:tcPr><w:p wsp:rsidR="00607F08" wsp:rsidRPr="000C1CF1" wsp:rsidRDefault="00607F08" wsp:rsidP="00CF68B0"><w:r wsp:rsidRPr="000C1CF1"><w:t>##Платеж_КорСчет##</w:t></w:r></w:p></w:tc></w:tr><w:tr wsp:rsidR="00607F08" wsp:rsidRPr="000C1CF1" wsp:rsidTr="00C9784E"><w:tc><w:tcPr><w:tcW w:w="2829" w:type="dxa"/><w:gridSpan w:val="5"/><w:tcBorders><w:top w:val="nil"/><w:left w:val="nil"/><w:bottom w:val="nil"/><w:right w:val="single" w:sz="4" wx:bdrwidth="10" w:space="0" w:color="auto"/></w:tcBorders></w:tcPr><w:p wsp:rsidR="00607F08" wsp:rsidRPr="000C1CF1" wsp:rsidRDefault="00607F08"><w:r wsp:rsidRPr="000C1CF1"><w:t>ИНН ##Платеж_ИНН##</w:t></w:r></w:p></w:tc><w:tc><w:tcPr><w:tcW w:w="2834" w:type="dxa"/><w:gridSpan w:val="4"/><w:tcBorders><w:top w:val="single" w:sz="4" wx:bdrwidth="10" w:space="0" w:color="auto"/><w:left w:val="single" w:sz="4" wx:bdrwidth="10" w:space="0" w:color="auto"/><w:bottom w:val="single" w:sz="4" wx:bdrwidth="10" w:space="0" w:color="auto"/><w:right w:val="single" w:sz="4" wx:bdrwidth="10" w:space="0" w:color="auto"/></w:tcBorders></w:tcPr><w:p wsp:rsidR="00607F08" wsp:rsidRPr="000C1CF1" wsp:rsidRDefault="00607F08" wsp:rsidP="00902A85"><w:r wsp:rsidRPr="000C1CF1"><w:t>КПП ##Платеж_КПП##</w:t></w:r></w:p></w:tc><w:tc><w:tcPr><w:tcW w:w="851" w:type="dxa"/><w:gridSpan w:val="4"/><w:vmerge w:val="restart"/><w:tcBorders><w:top w:val="nil"/><w:left w:val="single" w:sz="4" wx:bdrwidth="10" w:space="0" w:color="auto"/><w:bottom w:val="nil"/><w:right w:val="single" w:sz="6" wx:bdrwidth="15" w:space="0" w:color="auto"/></w:tcBorders></w:tcPr><w:p wsp:rsidR="00607F08" wsp:rsidRPr="000C1CF1" wsp:rsidRDefault="00607F08"><w:r wsp:rsidRPr="000C1CF1"><w:t>Сч. N </w:t></w:r></w:p></w:tc><w:tc><w:tcPr><w:tcW w:w="3692" w:type="dxa"/><w:gridSpan w:val="9"/><w:tcBorders><w:top w:val="nil"/><w:left w:val="single" w:sz="6" wx:bdrwidth="15" w:space="0" w:color="auto"/><w:bottom w:val="nil"/><w:right w:val="nil"/></w:tcBorders></w:tcPr><w:p wsp:rsidR="00607F08" wsp:rsidRPr="000C1CF1" wsp:rsidRDefault="00607F08" wsp:rsidP="00CF68B0"><w:r wsp:rsidRPr="000C1CF1"><w:t>##Платеж_РассчетрыйСчет##</w:t></w:r></w:p></w:tc></w:tr><w:tr wsp:rsidR="00607F08" wsp:rsidRPr="000C1CF1" wsp:rsidTr="00C9784E"><w:trPr><w:trHeight w:val="573"/></w:trPr><w:tc><w:tcPr><w:tcW w:w="5663" w:type="dxa"/><w:gridSpan w:val="9"/><w:tcBorders><w:top w:val="single" w:sz="4" wx:bdrwidth="10" w:space="0" w:color="auto"/><w:left w:val="nil"/><w:bottom w:val="nil"/><w:right w:val="nil"/></w:tcBorders></w:tcPr><w:p wsp:rsidR="00607F08" wsp:rsidRPr="000C1CF1" wsp:rsidRDefault="00607F08"><w:r wsp:rsidRPr="000C1CF1"><w:t>##Платеж_Имя##</w:t></w:r></w:p></w:tc><w:tc><w:tcPr><w:tcW w:w="851" w:type="dxa"/><w:gridSpan w:val="4"/><w:vmerge/><w:tcBorders><w:top w:val="nil"/><w:left w:val="single" w:sz="6" wx:bdrwidth="15" w:space="0" w:color="auto"/><w:bottom w:val="single" w:sz="6" wx:bdrwidth="15" w:space="0" w:color="auto"/><w:right w:val="single" w:sz="6" wx:bdrwidth="15" w:space="0" w:color="auto"/></w:tcBorders></w:tcPr><w:p wsp:rsidR="00607F08" wsp:rsidRPr="000C1CF1" wsp:rsidRDefault="00607F08"/></w:tc><w:tc><w:tcPr><w:tcW w:w="3692" w:type="dxa"/><w:gridSpan w:val="9"/><w:tcBorders><w:top w:val="nil"/><w:left w:val="single" w:sz="6" wx:bdrwidth="15" w:space="0" w:color="auto"/><w:bottom w:val="single" w:sz="6" wx:bdrwidth="15" w:space="0" w:color="auto"/><w:right w:val="nil"/></w:tcBorders></w:tcPr><w:p wsp:rsidR="00607F08" wsp:rsidRPr="000C1CF1" wsp:rsidRDefault="00607F08"><w:pPr><w:jc w:val="center"/></w:pPr></w:p></w:tc></w:tr><w:tr wsp:rsidR="00607F08" wsp:rsidRPr="000C1CF1" wsp:rsidTr="00C9784E"><w:trPr><w:trHeight w:val="283"/></w:trPr><w:tc><w:tcPr><w:tcW w:w="5663" w:type="dxa"/><w:gridSpan w:val="9"/><w:tcBorders><w:top w:val="nil"/><w:left w:val="nil"/><w:bottom w:val="nil"/><w:right w:val="nil"/></w:tcBorders></w:tcPr><w:p wsp:rsidR="00607F08" wsp:rsidRPr="000C1CF1" wsp:rsidRDefault="00607F08"/></w:tc><w:tc><w:tcPr><w:tcW w:w="851" w:type="dxa"/><w:gridSpan w:val="4"/><w:tcBorders><w:top w:val="nil"/><w:left w:val="single" w:sz="6" wx:bdrwidth="15" w:space="0" w:color="auto"/><w:bottom w:val="single" w:sz="6" wx:bdrwidth="15" w:space="0" w:color="auto"/><w:right w:val="single" w:sz="6" wx:bdrwidth="15" w:space="0" w:color="auto"/></w:tcBorders></w:tcPr><w:p wsp:rsidR="00607F08" wsp:rsidRPr="000C1CF1" wsp:rsidRDefault="00607F08"><w:r wsp:rsidRPr="000C1CF1"><w:t>Вид оп. </w:t></w:r></w:p></w:tc><w:tc><w:tcPr><w:tcW w:w="1134" w:type="dxa"/><w:gridSpan w:val="2"/><w:tcBorders><w:top w:val="nil"/><w:left w:val="single" w:sz="6" wx:bdrwidth="15" w:space="0" w:color="auto"/><w:bottom w:val="nil"/><w:right w:val="single" w:sz="6" wx:bdrwidth="15" w:space="0" w:color="auto"/></w:tcBorders></w:tcPr><w:p wsp:rsidR="00607F08" wsp:rsidRPr="000C1CF1" wsp:rsidRDefault="00971A58"><w:r wsp:rsidRPr="000C1CF1"><w:t>01</w:t></w:r></w:p></w:tc><w:tc><w:tcPr><w:tcW w:w="1278" w:type="dxa"/><w:gridSpan w:val="4"/><w:tcBorders><w:top w:val="nil"/><w:left w:val="single" w:sz="6" wx:bdrwidth="15" w:space="0" w:color="auto"/><w:bottom w:val="single" w:sz="6" wx:bdrwidth="15" w:space="0" w:color="auto"/><w:right w:val="single" w:sz="6" wx:bdrwidth="15" w:space="0" w:color="auto"/></w:tcBorders></w:tcPr><w:p wsp:rsidR="00607F08" wsp:rsidRPr="000C1CF1" wsp:rsidRDefault="00607F08"><w:r wsp:rsidRPr="000C1CF1"><w:t>Срок плат. </w:t></w:r></w:p></w:tc><w:tc><w:tcPr><w:tcW w:w="1280" w:type="dxa"/><w:gridSpan w:val="3"/><w:tcBorders><w:top w:val="nil"/><w:left w:val="single" w:sz="6" wx:bdrwidth="15" w:space="0" w:color="auto"/><w:bottom w:val="nil"/><w:right w:val="nil"/></w:tcBorders></w:tcPr><w:p wsp:rsidR="00607F08" wsp:rsidRPr="000C1CF1" wsp:rsidRDefault="00607F08"/></w:tc></w:tr><w:tr wsp:rsidR="00607F08" wsp:rsidRPr="000C1CF1" wsp:rsidTr="00C9784E"><w:tc><w:tcPr><w:tcW w:w="5663" w:type="dxa"/><w:gridSpan w:val="9"/><w:tcBorders><w:top w:val="nil"/><w:left w:val="nil"/><w:bottom w:val="nil"/><w:right w:val="nil"/></w:tcBorders></w:tcPr><w:p wsp:rsidR="00607F08" wsp:rsidRPr="000C1CF1" wsp:rsidRDefault="00607F08"/></w:tc><w:tc><w:tcPr><w:tcW w:w="851" w:type="dxa"/><w:gridSpan w:val="4"/><w:tcBorders><w:top w:val="nil"/><w:left w:val="single" w:sz="6" wx:bdrwidth="15" w:space="0" w:color="auto"/><w:bottom w:val="single" w:sz="6" wx:bdrwidth="15" w:space="0" w:color="auto"/><w:right w:val="single" w:sz="6" wx:bdrwidth="15" w:space="0" w:color="auto"/></w:tcBorders></w:tcPr><w:p wsp:rsidR="00607F08" wsp:rsidRPr="000C1CF1" wsp:rsidRDefault="00607F08"><w:r wsp:rsidRPr="000C1CF1"><w:t>Наз. пл. </w:t></w:r></w:p></w:tc><w:tc><w:tcPr><w:tcW w:w="1134" w:type="dxa"/><w:gridSpan w:val="2"/><w:tcBorders><w:top w:val="nil"/><w:left w:val="single" w:sz="6" wx:bdrwidth="15" w:space="0" w:color="auto"/><w:bottom w:val="nil"/><w:right w:val="single" w:sz="6" wx:bdrwidth="15" w:space="0" w:color="auto"/></w:tcBorders></w:tcPr><w:p wsp:rsidR="00607F08" wsp:rsidRPr="000C1CF1" wsp:rsidRDefault="00607F08"/></w:tc><w:tc><w:tcPr><w:tcW w:w="1278" w:type="dxa"/><w:gridSpan w:val="4"/><w:tcBorders><w:top w:val="nil"/><w:left w:val="single" w:sz="6" wx:bdrwidth="15" w:space="0" w:color="auto"/><w:bottom w:val="single" w:sz="6" wx:bdrwidth="15" w:space="0" w:color="auto"/><w:right w:val="single" w:sz="6" wx:bdrwidth="15" w:space="0" w:color="auto"/></w:tcBorders></w:tcPr><w:p wsp:rsidR="00607F08" wsp:rsidRPr="000C1CF1" wsp:rsidRDefault="00607F08"><w:r wsp:rsidRPr="000C1CF1"><w:t>Очер</w:t></w:r><w:proofErr w:type="gramStart"/><w:r wsp:rsidRPr="000C1CF1"><w:t>.</w:t></w:r><w:proofErr w:type="gramEnd"/><w:r wsp:rsidRPr="000C1CF1"><w:t> </w:t></w:r><w:proofErr w:type="gramStart"/><w:r wsp:rsidRPr="000C1CF1"><w:t>п</w:t></w:r><w:proofErr w:type="gramEnd"/><w:r wsp:rsidRPr="000C1CF1"><w:t>лат.</w:t></w:r></w:p></w:tc><w:tc><w:tcPr><w:tcW w:w="1280" w:type="dxa"/><w:gridSpan w:val="3"/><w:tcBorders><w:top w:val="nil"/><w:left w:val="single" w:sz="6" wx:bdrwidth="15" w:space="0" w:color="auto"/><w:bottom w:val="nil"/><w:right w:val="nil"/></w:tcBorders></w:tcPr><w:p wsp:rsidR="00607F08" wsp:rsidRPr="000C1CF1" wsp:rsidRDefault="00971A58"><w:r wsp:rsidRPr="000C1CF1"><w:t>##Платеж_Очередность##</w:t></w:r></w:p></w:tc></w:tr><w:tr wsp:rsidR="00607F08" wsp:rsidRPr="000C1CF1" wsp:rsidTr="00C9784E"><w:tc><w:tcPr><w:tcW w:w="5663" w:type="dxa"/><w:gridSpan w:val="9"/><w:tcBorders><w:top w:val="nil"/><w:left w:val="nil"/><w:bottom w:val="single" w:sz="6" wx:bdrwidth="15" w:space="0" w:color="auto"/><w:right w:val="nil"/></w:tcBorders></w:tcPr><w:p wsp:rsidR="00607F08" wsp:rsidRPr="000C1CF1" wsp:rsidRDefault="00607F08"><w:r wsp:rsidRPr="000C1CF1"><w:t>Получатель </w:t></w:r></w:p></w:tc><w:tc><w:tcPr><w:tcW w:w="851" w:type="dxa"/><w:gridSpan w:val="4"/><w:tcBorders><w:top w:val="nil"/><w:left w:val="single" w:sz="6" wx:bdrwidth="15" w:space="0" w:color="auto"/><w:bottom w:val="single" w:sz="6" wx:bdrwidth="15" w:space="0" w:color="auto"/><w:right w:val="single" w:sz="6" wx:bdrwidth="15" w:space="0" w:color="auto"/></w:tcBorders></w:tcPr><w:p wsp:rsidR="00607F08" wsp:rsidRPr="000C1CF1" wsp:rsidRDefault="00607F08"><w:r wsp:rsidRPr="000C1CF1"><w:t>Код </w:t></w:r></w:p></w:tc><w:tc><w:tcPr><w:tcW w:w="1134" w:type="dxa"/><w:gridSpan w:val="2"/><w:tcBorders><w:top w:val="nil"/><w:left w:val="single" w:sz="6" wx:bdrwidth="15" w:space="0" w:color="auto"/><w:bottom w:val="single" w:sz="6" wx:bdrwidth="15" w:space="0" w:color="auto"/><w:right w:val="single" w:sz="6" wx:bdrwidth="15" w:space="0" w:color="auto"/></w:tcBorders></w:tcPr><w:p wsp:rsidR="00607F08" wsp:rsidRPr="000C1CF1" wsp:rsidRDefault="00607F08"/></w:tc><w:tc><w:tcPr><w:tcW w:w="1278" w:type="dxa"/><w:gridSpan w:val="4"/><w:tcBorders><w:top w:val="nil"/><w:left w:val="single" w:sz="6" wx:bdrwidth="15" w:space="0" w:color="auto"/><w:bottom w:val="single" w:sz="6" wx:bdrwidth="15" w:space="0" w:color="auto"/><w:right w:val="single" w:sz="6" wx:bdrwidth="15" w:space="0" w:color="auto"/></w:tcBorders></w:tcPr><w:p wsp:rsidR="00607F08" wsp:rsidRPr="000C1CF1" wsp:rsidRDefault="00607F08"><w:r wsp:rsidRPr="000C1CF1"><w:t>Рез</w:t></w:r><w:proofErr w:type="gramStart"/><w:r wsp:rsidRPr="000C1CF1"><w:t>.</w:t></w:r><w:proofErr w:type="gramEnd"/><w:r wsp:rsidRPr="000C1CF1"><w:t> </w:t></w:r><w:proofErr w:type="gramStart"/><w:r wsp:rsidRPr="000C1CF1"><w:t>п</w:t></w:r><w:proofErr w:type="gramEnd"/><w:r wsp:rsidRPr="000C1CF1"><w:t>оле </w:t></w:r></w:p></w:tc><w:tc><w:tcPr><w:tcW w:w="1280" w:type="dxa"/><w:gridSpan w:val="3"/><w:tcBorders><w:top w:val="nil"/><w:left w:val="single" w:sz="6" wx:bdrwidth="15" w:space="0" w:color="auto"/><w:bottom w:val="single" w:sz="6" wx:bdrwidth="15" w:space="0" w:color="auto"/><w:right w:val="nil"/></w:tcBorders></w:tcPr><w:p wsp:rsidR="00607F08" wsp:rsidRPr="000C1CF1" wsp:rsidRDefault="00607F08"/></w:tc></w:tr><w:tr wsp:rsidR="00607F08" wsp:rsidRPr="000C1CF1" wsp:rsidTr="00AF38A3"><w:tc><w:tcPr><w:tcW w:w="2618" w:type="dxa"/><w:gridSpan w:val="4"/><w:tcBorders><w:top w:val="nil"/><w:left w:val="nil"/><w:bottom w:val="single" w:sz="4" wx:bdrwidth="10" w:space="0" w:color="auto"/><w:right w:val="single" w:sz="4" wx:bdrwidth="10" w:space="0" w:color="auto"/></w:tcBorders><w:vAlign w:val="center"/></w:tcPr><w:p wsp:rsidR="00607F08" wsp:rsidRPr="000C1CF1" wsp:rsidRDefault="00607F08" wsp:rsidP="00AF38A3"><w:pPr><w:jc w:val="center"/></w:pPr><w:r wsp:rsidRPr="000C1CF1"><w:t>##Платеж_КБК##</w:t></w:r></w:p></w:tc><w:tc><w:tcPr><w:tcW w:w="1681" w:type="dxa"/><w:gridSpan w:val="3"/><w:tcBorders><w:top w:val="single" w:sz="4" wx:bdrwidth="10" w:space="0" w:color="auto"/><w:left w:val="single" w:sz="4" wx:bdrwidth="10" w:space="0" w:color="auto"/><w:bottom w:val="single" w:sz="4" wx:bdrwidth="10" w:space="0" w:color="auto"/><w:right w:val="single" w:sz="4" wx:bdrwidth="10" w:space="0" w:color="auto"/></w:tcBorders><w:vAlign w:val="center"/></w:tcPr><w:p wsp:rsidR="00607F08" wsp:rsidRPr="000C1CF1" wsp:rsidRDefault="00607F08" wsp:rsidP="00AF38A3"><w:pPr><w:jc w:val="center"/></w:pPr><w:r wsp:rsidRPr="000C1CF1"><w:t>##Платеж_ОКАТО##</w:t></w:r></w:p></w:tc><w:tc><w:tcPr><w:tcW w:w="561" w:type="dxa"/><w:tcBorders><w:top w:val="nil"/><w:left w:val="single" w:sz="4" wx:bdrwidth="10" w:space="0" w:color="auto"/><w:bottom w:val="single" w:sz="4" wx:bdrwidth="10" w:space="0" w:color="auto"/><w:right w:val="single" w:sz="4" wx:bdrwidth="10" w:space="0" w:color="auto"/></w:tcBorders><w:vAlign w:val="center"/></w:tcPr><w:p wsp:rsidR="00607F08" wsp:rsidRPr="000C1CF1" wsp:rsidRDefault="00607F08" wsp:rsidP="00AF38A3"><w:pPr><w:jc w:val="center"/></w:pPr><w:r wsp:rsidRPr="000C1CF1"><w:t>##Платеж_Показатель_Основания##</w:t></w:r></w:p></w:tc><w:tc><w:tcPr><w:tcW w:w="1311" w:type="dxa"/><w:gridSpan w:val="4"/><w:tcBorders><w:top w:val="single" w:sz="4" wx:bdrwidth="10" w:space="0" w:color="auto"/><w:left w:val="single" w:sz="4" wx:bdrwidth="10" w:space="0" w:color="auto"/><w:bottom w:val="single" w:sz="4" wx:bdrwidth="10" w:space="0" w:color="auto"/><w:right w:val="single" w:sz="4" wx:bdrwidth="10" w:space="0" w:color="auto"/></w:tcBorders><w:vAlign w:val="center"/></w:tcPr><w:p wsp:rsidR="00607F08" wsp:rsidRPr="000C1CF1" wsp:rsidRDefault="00607F08" wsp:rsidP="00AF38A3"><w:pPr><w:jc w:val="center"/></w:pPr><w:r wsp:rsidRPr="000C1CF1"><w:t>##Платеж_Показатель_НалоговогоПериода##</w:t></w:r></w:p></w:tc><w:tc><w:tcPr><w:tcW w:w="2055" w:type="dxa"/><w:gridSpan w:val="6"/><w:tcBorders><w:top w:val="nil"/><w:left w:val="single" w:sz="4" wx:bdrwidth="10" w:space="0" w:color="auto"/><w:bottom w:val="single" w:sz="4" wx:bdrwidth="10" w:space="0" w:color="auto"/><w:right w:val="single" w:sz="4" wx:bdrwidth="10" w:space="0" w:color="auto"/></w:tcBorders><w:vAlign w:val="center"/></w:tcPr><w:p wsp:rsidR="00607F08" wsp:rsidRPr="000C1CF1" wsp:rsidRDefault="00607F08" wsp:rsidP="00AF38A3"><w:pPr><w:jc w:val="center"/></w:pPr><w:r wsp:rsidRPr="000C1CF1"><w:t>##Платеж_Показатель_НомераДокумента##</w:t></w:r></w:p></w:tc><w:tc><w:tcPr><w:tcW w:w="1497" w:type="dxa"/><w:gridSpan w:val="3"/><w:tcBorders><w:top w:val="single" w:sz="4" wx:bdrwidth="10" w:space="0" w:color="auto"/><w:left w:val="single" w:sz="4" wx:bdrwidth="10" w:space="0" w:color="auto"/><w:bottom w:val="single" w:sz="4" wx:bdrwidth="10" w:space="0" w:color="auto"/><w:right w:val="single" w:sz="4" wx:bdrwidth="10" w:space="0" w:color="auto"/></w:tcBorders><w:vAlign w:val="center"/></w:tcPr><w:p wsp:rsidR="00607F08" wsp:rsidRPr="000C1CF1" wsp:rsidRDefault="00607F08" wsp:rsidP="00AF38A3"><w:pPr><w:jc w:val="center"/></w:pPr><w:r wsp:rsidRPr="000C1CF1"><w:t>##Платеж_Показатель_ДатыДокумента##</w:t></w:r></w:p></w:tc><w:tc><w:tcPr><w:tcW w:w="483" w:type="dxa"/><w:tcBorders><w:top w:val="nil"/><w:left w:val="single" w:sz="4" wx:bdrwidth="10" w:space="0" w:color="auto"/><w:bottom w:val="single" w:sz="4" wx:bdrwidth="10" w:space="0" w:color="auto"/><w:right w:val="nil"/></w:tcBorders><w:vAlign w:val="center"/></w:tcPr><w:p wsp:rsidR="00607F08" wsp:rsidRPr="000C1CF1" wsp:rsidRDefault="00607F08" wsp:rsidP="00AF38A3"><w:pPr><w:jc w:val="center"/></w:pPr><w:r wsp:rsidRPr="000C1CF1"><w:t>##Платеж_Показатель_Типа##</w:t></w:r></w:p></w:tc></w:tr><w:tr wsp:rsidR="00607F08" wsp:rsidRPr="000C1CF1" wsp:rsidTr="00C9784E"><w:trPr><w:trHeight w:val="1320"/></w:trPr><w:tc><w:tcPr><w:tcW w:w="10206" w:type="dxa"/><w:gridSpan w:val="22"/><w:tcBorders><w:top w:val="single" w:sz="4" wx:bdrwidth="10" w:space="0" w:color="auto"/><w:left w:val="nil"/><w:bottom w:val="nil"/><w:right w:val="nil"/></w:tcBorders></w:tcPr><w:p wsp:rsidR="00607F08" wsp:rsidRPr="000C1CF1" wsp:rsidRDefault="009660CC" wsp:rsidP="009660CC"><w:r wsp:rsidRPr="000C1CF1"><w:t>##Платеж_Основание##</w:t></w:r></w:p><w:p wsp:rsidR="00CF68B0" wsp:rsidRPr="000C1CF1" wsp:rsidRDefault="00CF68B0" wsp:rsidP="009660CC"><w:r wsp:rsidRPr="000C1CF1"><w:t>##Платеж_СуммаНДС##</w:t></w:r></w:p></w:tc></w:tr><w:tr wsp:rsidR="00607F08" wsp:rsidRPr="000C1CF1" wsp:rsidTr="00C9784E"><w:trPr><w:trHeight w:val="233"/></w:trPr><w:tc><w:tcPr><w:tcW w:w="10206" w:type="dxa"/><w:gridSpan w:val="22"/><w:tcBorders><w:top w:val="nil"/><w:left w:val="nil"/><w:bottom w:val="single" w:sz="6" wx:bdrwidth="15" w:space="0" w:color="auto"/><w:right w:val="nil"/></w:tcBorders><w:vAlign w:val="bottom"/></w:tcPr><w:p wsp:rsidR="00607F08" wsp:rsidRPr="000C1CF1" wsp:rsidRDefault="00607F08"><w:r wsp:rsidRPr="000C1CF1"><w:t>Назначение платежа</w:t></w:r></w:p></w:tc></w:tr><w:tr wsp:rsidR="00607F08" wsp:rsidRPr="000C1CF1" wsp:rsidTr="00C9784E"><w:trPr><w:cantSplit/></w:trPr><w:tc><w:tcPr><w:tcW w:w="2829" w:type="dxa"/><w:gridSpan w:val="5"/><w:tcBorders><w:top w:val="nil"/><w:left w:val="nil"/><w:bottom w:val="nil"/><w:right w:val="nil"/></w:tcBorders></w:tcPr><w:p wsp:rsidR="00607F08" wsp:rsidRPr="000C1CF1" wsp:rsidRDefault="00607F08"><w:pPr><w:jc w:val="center"/></w:pPr></w:p></w:tc><w:tc><w:tcPr><w:tcW w:w="3711" w:type="dxa"/><w:gridSpan w:val="9"/><w:tcBorders><w:top w:val="nil"/><w:left w:val="nil"/><w:bottom w:val="nil"/><w:right w:val="nil"/></w:tcBorders></w:tcPr><w:p wsp:rsidR="00607F08" wsp:rsidRPr="000C1CF1" wsp:rsidRDefault="00607F08"><w:pPr><w:jc w:val="center"/></w:pPr><w:r wsp:rsidRPr="000C1CF1"><w:t>Подписи </w:t></w:r></w:p></w:tc><w:tc><w:tcPr><w:tcW w:w="3666" w:type="dxa"/><w:gridSpan w:val="8"/><w:tcBorders><w:top w:val="nil"/><w:left w:val="nil"/><w:bottom w:val="nil"/><w:right w:val="nil"/></w:tcBorders></w:tcPr><w:p wsp:rsidR="00607F08" wsp:rsidRPr="000C1CF1" wsp:rsidRDefault="00607F08"><w:pPr><w:jc w:val="center"/></w:pPr><w:r wsp:rsidRPr="000C1CF1"><w:t>Отметки банка </w:t></w:r></w:p></w:tc></w:tr><w:tr wsp:rsidR="00607F08" wsp:rsidRPr="000C1CF1" wsp:rsidTr="00C9784E"><w:trPr><w:cantSplit/><w:trHeight w:val="593"/></w:trPr><w:tc><w:tcPr><w:tcW w:w="2829" w:type="dxa"/><w:gridSpan w:val="5"/><w:tcBorders><w:top w:val="nil"/><w:left w:val="nil"/><w:bottom w:val="nil"/><w:right w:val="nil"/></w:tcBorders></w:tcPr><w:p wsp:rsidR="00607F08" wsp:rsidRPr="000C1CF1" wsp:rsidRDefault="00607F08"><w:pPr><w:jc w:val="center"/></w:pPr></w:p></w:tc><w:tc><w:tcPr><w:tcW w:w="3711" w:type="dxa"/><w:gridSpan w:val="9"/><w:tcBorders><w:top w:val="nil"/><w:left w:val="nil"/><w:bottom w:val="single" w:sz="6" wx:bdrwidth="15" w:space="0" w:color="auto"/><w:right w:val="nil"/></w:tcBorders></w:tcPr><w:p wsp:rsidR="00607F08" wsp:rsidRPr="000C1CF1" wsp:rsidRDefault="00607F08"><w:pPr><w:jc w:val="center"/></w:pPr></w:p></w:tc><w:tc><w:tcPr><w:tcW w:w="3666" w:type="dxa"/><w:gridSpan w:val="8"/><w:tcBorders><w:top w:val="nil"/><w:left w:val="nil"/><w:bottom w:val="nil"/><w:right w:val="nil"/></w:tcBorders></w:tcPr><w:p wsp:rsidR="00607F08" wsp:rsidRPr="000C1CF1" wsp:rsidRDefault="00607F08"><w:pPr><w:jc w:val="center"/></w:pPr></w:p></w:tc></w:tr><w:tr wsp:rsidR="00607F08" wsp:rsidRPr="000C1CF1" wsp:rsidTr="00C9784E"><w:trPr><w:cantSplit/></w:trPr><w:tc><w:tcPr><w:tcW w:w="2829" w:type="dxa"/><w:gridSpan w:val="5"/><w:tcBorders><w:top w:val="nil"/><w:left w:val="nil"/><w:bottom w:val="nil"/><w:right w:val="nil"/></w:tcBorders></w:tcPr><w:p wsp:rsidR="00607F08" wsp:rsidRPr="000C1CF1" wsp:rsidRDefault="00607F08"><w:pPr><w:jc w:val="center"/></w:pPr><w:r wsp:rsidRPr="000C1CF1"><w:t>М.П.</w:t></w:r></w:p></w:tc><w:tc><w:tcPr><w:tcW w:w="3711" w:type="dxa"/><w:gridSpan w:val="9"/><w:tcBorders><w:top w:val="nil"/><w:left w:val="nil"/><w:bottom w:val="nil"/><w:right w:val="nil"/></w:tcBorders></w:tcPr><w:p wsp:rsidR="00607F08" wsp:rsidRPr="000C1CF1" wsp:rsidRDefault="00607F08"><w:pPr><w:jc w:val="center"/></w:pPr></w:p></w:tc><w:tc><w:tcPr><w:tcW w:w="3666" w:type="dxa"/><w:gridSpan w:val="8"/><w:tcBorders><w:top w:val="nil"/><w:left w:val="nil"/><w:bottom w:val="nil"/><w:right w:val="nil"/></w:tcBorders></w:tcPr><w:p wsp:rsidR="00607F08" wsp:rsidRPr="000C1CF1" wsp:rsidRDefault="00607F08"/></w:tc></w:tr><w:tr wsp:rsidR="00607F08" wsp:rsidRPr="000C1CF1" wsp:rsidTr="00C9784E"><w:trPr><w:cantSplit/><w:trHeight w:val="577"/></w:trPr><w:tc><w:tcPr><w:tcW w:w="2829" w:type="dxa"/><w:gridSpan w:val="5"/><w:tcBorders><w:top w:val="nil"/><w:left w:val="nil"/><w:bottom w:val="nil"/><w:right w:val="nil"/></w:tcBorders></w:tcPr><w:p wsp:rsidR="00607F08" wsp:rsidRPr="000C1CF1" wsp:rsidRDefault="00607F08"><w:pPr><w:jc w:val="center"/></w:pPr></w:p></w:tc><w:tc><w:tcPr><w:tcW w:w="3711" w:type="dxa"/><w:gridSpan w:val="9"/><w:tcBorders><w:top w:val="nil"/><w:left w:val="nil"/><w:bottom w:val="single" w:sz="6" wx:bdrwidth="15" w:space="0" w:color="auto"/><w:right w:val="nil"/></w:tcBorders><w:vAlign w:val="bottom"/></w:tcPr><w:p wsp:rsidR="00607F08" wsp:rsidRPr="000C1CF1" wsp:rsidRDefault="00A91392" wsp:rsidP="00A91392"><w:pPr><w:jc w:val="center"/></w:pPr><w:r wsp:rsidRPr="000C1CF1"><w:t>Вторая подпись не предусмотрена</w:t></w:r></w:p></w:tc><w:tc><w:tcPr><w:tcW w:w="3666" w:type="dxa"/><w:gridSpan w:val="8"/><w:tcBorders><w:top w:val="nil"/><w:left w:val="nil"/><w:bottom w:val="nil"/><w:right w:val="nil"/></w:tcBorders></w:tcPr><w:p wsp:rsidR="00607F08" wsp:rsidRPr="000C1CF1" wsp:rsidRDefault="00607F08"/></w:tc></w:tr><w:tr wsp:rsidR="00607F08" wsp:rsidRPr="000C1CF1" wsp:rsidTr="00C9784E"><w:trPr><w:cantSplit/><w:trHeight w:val="259"/></w:trPr><w:tc><w:tcPr><w:tcW w:w="2829" w:type="dxa"/><w:gridSpan w:val="5"/><w:tcBorders><w:top w:val="nil"/><w:left w:val="nil"/><w:bottom w:val="nil"/><w:right w:val="nil"/></w:tcBorders></w:tcPr><w:p wsp:rsidR="00607F08" wsp:rsidRPr="000C1CF1" wsp:rsidRDefault="00607F08"><w:pPr><w:jc w:val="center"/></w:pPr></w:p></w:tc><w:tc><w:tcPr><w:tcW w:w="3711" w:type="dxa"/><w:gridSpan w:val="9"/><w:tcBorders><w:top w:val="nil"/><w:left w:val="nil"/><w:bottom w:val="nil"/><w:right w:val="nil"/></w:tcBorders></w:tcPr><w:p wsp:rsidR="00607F08" wsp:rsidRPr="000C1CF1" wsp:rsidRDefault="00607F08"><w:pPr><w:jc w:val="center"/></w:pPr></w:p></w:tc><w:tc><w:tcPr><w:tcW w:w="3666" w:type="dxa"/><w:gridSpan w:val="8"/><w:tcBorders><w:top w:val="nil"/><w:left w:val="nil"/><w:bottom w:val="nil"/><w:right w:val="nil"/></w:tcBorders></w:tcPr><w:p wsp:rsidR="00607F08" wsp:rsidRPr="000C1CF1" wsp:rsidRDefault="00607F08"/></w:tc></w:tr></w:tbl><w:p wsp:rsidR="001E4993" wsp:rsidRPr="000C1CF1" wsp:rsidRDefault="001E4993" wsp:rsidP="00B5698B"/><w:sectPr wsp:rsidR="001E4993" wsp:rsidRPr="000C1CF1" wsp:rsidSect="00B5698B"><w:pgSz w:w="11906" w:h="16838"/><w:pgMar w:top="850" w:right="567" w:bottom="761" w:left="1134" w:header="709" w:footer="709" w:gutter="0"/><w:cols w:space="709"/><w:docGrid w:line-pitch="254"/></w:sectPr></wx:sect></w:body></w:wordDocument>